NO;TANGGAL;KATEGORI;SUB KATEGORI;KETERANGAN;KELUAR;MASUK;AKUN
1;28/02/2022;KERJA;Gaji;Gaji;0;3500000;BCA
2;28/02/2022;TABUNGAN;Sangu;Mamah;0;2000000;BCA
3;28/02/2022;LAIN - LAIN;Saldo;Pindah saldo;1720053;0;BCA
4;28/02/2022;TABUNGAN;Inves;Bibit;1500000;0;BCA
5;28/02/2022;LAIN - LAIN;Saldo;Pindah saldo;0;700000;BLU
6;28/02/2022;LAIN - LAIN;Saldo;Pindah saldo;0;1020000;MANDIRI
7;28/02/2022;MAKAN;Online;Red Fried Chicken;50000;0;BCA
8;28/02/2022;MAKAN;Makan Luar;Solaria;72000;0;BCA
9;28/02/2022;MAKAN;Makan Luar;Wingstop;60000;0;BCA
10;28/02/2022;MAKAN;Makan Luar;Bakso;25000;0;CASH
11;01/03/2022;KERJA;Reimburse;Reimburse;0;575000;CASH
12;01/03/2022;MAKAN;Makan Luar;Warteg Wijaya;14000;0;CASH
13;01/03/2022;JAJAN;Jajan & Rokok;Starling;4000;0;CASH
14;01/03/2022;KERJA;Reimburse;Karung;14000;0;CASH
15;01/03/2022;MAKAN;Makan Luar;Padang Wijaya;13000;0;CASH
16;01/03/2022;TRANSPORT;Pribadi;Pertamax;50000;0;CASH
17;01/03/2022;MAKAN;Makan Luar;Nasi Goreng Kos;14000;0;BCA
18;02/03/2022;BELANJA;Kebutuhan;Sunscreen;55300;0;BCA
19;02/03/2022;JAJAN;Jajan & Rokok;Alfamart;11500;0;CASH
20;02/03/2022;BELANJA;Kebutuhan;Sarung Tangan;15000;0;CASH
21;02/03/2022;MAKAN;Makan Luar;Padang Wijaya;13000;0;CASH
22;02/03/2022;KERJA;Reimburse;Mata Bor;47000;0;CASH
23;02/03/2022;MAKAN;Makan Luar;Warteg Wijaya;14000;0;CASH
24;02/03/2022;LAIN - LAIN;Teman;Nodi;100000;0;CASH
25;02/03/2022;MAKAN;Makan Luar;Kos Nodi;28000;0;CASH
26;03/03/2022;LAIN - LAIN;Teman;Nodi;0;100000;BCA
27;03/03/2022;LAIN - LAIN;Teman;Cecep;0;29000;BCA
28;03/03/2022;KERJA;Reimburse;Pipa T;6000;0;CASH
29;03/03/2022;JAJAN;Jajan & Rokok;Starling;6000;0;CASH
30;03/03/2022;TABUNGAN;Bunga & Admin;Bunga;4500;122,96;MANDIRI
31;03/03/2022;TABUNGAN;Bunga & Admin;Bunga;0;6010,52;BLU
32;03/03/2022;MAKAN;Makan Luar;Kos Nodi;20130;0;BCA
33;03/03/2022;TEMPAT TINGGAL;Kos;Bayar Maret - April;1500000;0;BCA
34;03/03/2022;MAKAN;Online;Pork Hub;50000;0;BCA
35;04/03/2022;MAKAN;Makan Luar;Warteg Wijaya;14000;0;CASH
36;04/03/2022;MAKAN;Online;Chicken Union;50000;0;BCA
37;04/03/2022;KERJA;Gaji;Uang Makan;0;150000;BCA
38;04/03/2022;KERJA;Gaji;Uang Bensin;0;50000;BCA
39;04/03/2022;KERJA;Reimburse;Reimburse;0;63000;BCA
40;04/03/2022;MAKAN;Makan Luar;Nasi Goreng Kos;15000;0;BCA
41;05/03/2022;MAKAN;Makan Luar;Padang Kos;13000;0;CASH
42;05/03/2022;MAKAN;Makan Luar;Nasi Goreng Kos;14000;0;BCA
43;05/03/2022;MAKAN;Makan Luar;Nasi Goreng Kos;14000;0;CASH
44;06/03/2022;MAKAN;Makan Luar;Mie Ayam Filkop;20000;0;CASH
45;06/03/2022;JAJAN;Kafe;Filosofi Kopi;5000;0;CASH
46;06/03/2022;MAKAN;Makan Luar;Mie Aceh;32500;0;BCA
47;07/03/2022;MAKAN;Makan Luar;Warteg Wijaya;13000;0;CASH
48;07/03/2022;MAKAN;Makan Luar;Padang Wijaya;18000;0;CASH
49;07/03/2022;JAJAN;Jajan & Rokok;Rokok;38000;0;CASH
50;07/03/2022;JAJAN;Kafe;Kozy Coffee;20200;0;BLU
51;07/03/2022;MAKAN;Makan Luar;Nasi Goreng Kambing;34000;0;BLU
52;08/03/2022;MAKAN;Makan Luar;Warteg Wijaya;16000;0;CASH
53;08/03/2022;JAJAN;Jajan & Rokok;Starling;5000;0;CASH
54;08/03/2022;TABUNGAN;Inves;Bibit;2000000;0;MANDIRI
55;08/03/2022;KERJA;Gaji;Bonus Mandor;0;125000;CASH
56;08/03/2022;MAKAN;Makan Luar;Hisana;16000;0;CASH
57;08/03/2022;JAJAN;Jajan & Rokok;Warung;11000;0;CASH
58;09/03/2022;MAKAN;Makan Luar;Warteg Wijaya;16000;0;CASH
59;09/03/2022;JAJAN;Jajan & Rokok;Starling;5000;0;CASH
60;09/03/2022;KERJA;Reimburse;Mata Bor;89000;0;CASH
61;09/03/2022;KERJA;Reimburse;Porstex;54000;0;BCA
62;09/03/2022;KERJA;Gaji;Bonus Mandor;0;20000;CASH
63;09/03/2022;MAKAN;Makan Luar;Warteg Wijaya;20000;0;CASH
64;09/03/2022;TEMPAT TINGGAL;Maintenance;Listrik;50500;0;BLU
65;09/03/2022;MAKAN;Makan Luar;Nasi Goreng Kos;16000;0;BCA
66;09/03/2022;JAJAN;Jajan & Rokok;Warung;6000;0;CASH
67;10/03/2022;KERJA;Reimburse;Reimburse;0;139000;CASH
68;10/03/2022;MAKAN;Makan Luar;Warteg Wijaya;16000;0;CASH
69;10/03/2022;JAJAN;Jajan & Rokok;Starling;5000;0;CASH
70;10/03/2022;JAJAN;Jajan & Rokok;Warung;6000;0;CASH
71;10/03/2022;KERJA;Reimburse;Lem PVC;29500;0;CASH
72;10/03/2022;MAKAN;Makan Luar;Hisana;25000;0;CASH
73;10/03/2022;TRANSPORT;Pribadi;Pertamax;60000;0;CASH
74;10/03/2022;MAKAN;Makan Luar;Nasi Goreng Kos;14000;0;BCA
75;10/03/2022;JAJAN;Jajan & Rokok;Warung;4000;0;CASH
76;11/03/2022;MAKAN;Makan Luar;Warteg Wijaya;16000;0;CASH
77;11/03/2022;JAJAN;Jajan & Rokok;Starling;7000;0;CASH
78;11/03/2022;KERJA;Reimburse;Reimburse;0;24500;BCA
79;11/03/2022;KERJA;Gaji;Uang Makan;0;300000;BCA
80;11/03/2022;KERJA;Gaji;Uang Bensin;0;60000;BCA
81;11/03/2022;KERJA;Gaji;Uang Pulsa;0;200000;BCA
82;11/03/2022;JAJAN;Jajan & Rokok;Rokok;33000;0;CASH
83;11/03/2022;MAKAN;Makan Luar;Warteg Wijaya;17000;0;CASH
84;11/03/2022;MAKAN;Makan Luar;Nasi Goreng Kos;16000;0;CASH
85;11/03/2022;MAKAN;Online;Bar Burger;50000;0;BCA
86;12/03/2022;KERJA;Reimburse;Benang;30000;0;BCA
87;12/03/2022;MAKAN;Makan Luar;Warteg Wijaya;15000;0;CASH
88;12/03/2022;JAJAN;Jajan & Rokok;Starling;4000;0;CASH
89;12/03/2022;HIBURAN;Entertainment;Nonton;106000;0;BCA
90;12/03/2022;BELANJA;Hobi;Nutens;220000;0;BCA
91;12/03/2022;LAIN - LAIN;Saldo;Tarik tunai;200000;0;BCA
92;12/03/2022;LAIN - LAIN;Saldo;Tarik tunai;0;200000;CASH
93;12/03/2022;MAKAN;Makan Luar;Taichan;60000;0;CASH
94;13/03/2022;MAKAN;Makan Luar;Warteg Ahass;13000;0;CASH
95;13/03/2022;JAJAN;Jajan & Rokok;Indomaret;3500;0;CASH
96;13/03/2022;TRANSPORT;Pribadi;Servis;755000;0;BLU
97;13/03/2022;MAKAN;Makan Luar;Nasi Goreng Kos;14000;0;BCA
98;13/03/2022;JAJAN;Jajan & Rokok;Warung;8000;0;CASH
99;14/03/2022;MAKAN;Makan Luar;Warteg Wijaya;16000;0;CASH
100;14/03/2022;JAJAN;Jajan & Rokok;Starling;7000;0;CASH
101;15/03/2022;BELANJA;Kebutuhan;Masker;37900;0;BCA
102;15/03/2022;MAKAN;Makan Luar;Warteg Wijaya;22000;0;CASH
103;15/03/2022;JAJAN;Jajan & Rokok;Warung;4000;0;CASH
104;15/03/2022;JAJAN;Jajan & Rokok;Rokok;33000;0;CASH
105;15/03/2022;LAIN - LAIN;Teman;Ola;0;30000;BCA
106;15/03/2022;MAKAN;Online;Ayam Kremes Kraton;40000;0;BCA
107;15/03/2022;KERJA;Reimburse;Reimburse;0;30000;CASH
108;15/03/2022;JAJAN;Jajan & Rokok;Warkop;16000;0;CASH
109;15/03/2022;MAKAN;Makan Luar;Nasi Goreng Kos;14000;0;BCA
110;15/03/2022;TEMPAT TINGGAL;Maintenance;Laundry;25000;0;CASH
111;16/03/2022;MAKAN;Makan Luar;Warteg Wijaya;14000;0;CASH
112;16/03/2022;JAJAN;Jajan & Rokok;Starling;4000;0;CASH
113;16/03/2022;MAKAN;Makan Luar;Padang;16000;0;CASH
114;16/03/2022;MAKAN;Makan Luar;Nasi Goreng Kos;16000;0;BCA
115;16/03/2022;JAJAN;Kafe;Latte Duren Tiga;16000;0;BCA
116;17/03/2022;MAKAN;Makan Luar;Warteg Wijaya;16000;0;CASH
117;17/03/2022;LAIN - LAIN;Saldo;Tarik tunai;250000;0;BCA
118;17/03/2022;LAIN - LAIN;Saldo;Tarik tunai;0;250000;CASH
119;17/03/2022;JAJAN;Jajan & Rokok;Starling;9000;0;CASH
120;17/03/2022;MAKAN;Makan Luar;Padang Wijaya;19000;0;CASH
121;17/03/2022;KERJA;Reimburse;Lakban;32000;0;CASH
122;17/03/2022;TRANSPORT;Pribadi;Pertamax;60000;0;CASH
123;18/03/2022;MAKAN;Makan Luar;Warteg Wijaya;18000;0;CASH
124;18/03/2022;JAJAN;Jajan & Rokok;Starling;5000;0;CASH
125;18/03/2022;KERJA;Gaji;Uang Makan;0;300000;BCA
126;18/03/2022;KERJA;Gaji;Uang Bensin;0;60000;BCA
127;18/03/2022;KERJA;Gaji;Uang Kos;0;600000;BCA
128;18/03/2022;KERJA;Reimburse;Reimburse;0;30000;BCA
129;18/03/2022;JAJAN;Jajan & Rokok;Rokok;38000;0;CASH
130;18/03/2022;JAJAN;Jajan & Rokok;Warung;9000;0;CASH
131;18/03/2022;MAKAN;Makan Luar;Kos Nodi;35000;0;BCA
132;18/03/2022;JAJAN;Kafe;BroDen;15000;0;BCA
133;18/03/2022;MAKAN;Makan Luar;Nasi Goreng Kos;13000;0;CASH
134;18/03/2022;TABUNGAN;Bunga & Admin;Bunga;7500;0;BCA
135;19/03/2022;MAKAN;Makan Luar;Warteg Wijaya;19000;0;CASH
136;19/03/2022;HIBURAN;Internet & Langganan;Internet;40000;0;BLU
137;19/03/2022;MAKAN;Makan Luar;Pork Hub;30000;0;BCA
138;19/03/2022;TEMPAT TINGGAL;Kos;Dp April - Mei;300000;0;BCA
139;20/03/2022;MAKAN;Online;Salty Sam;50000;0;BCA
140;20/03/2022;MAKAN;Makan Luar;Choipan;60500;0;BCA
141;20/03/2022;MAKAN;Makan Luar;Taichan;25000;0;BCA
142;20/03/2022;LAIN - LAIN;Teman;Ola;10000;0;CASH
143;21/03/2022;LAIN - LAIN;Saldo;Tarik tunai;200000;0;BCA
144;21/03/2022;LAIN - LAIN;Saldo;Tarik tunai;0;200000;CASH
145;21/03/2022;MAKAN;Makan Luar;Warteg Wijaya;15000;0;CASH
146;21/03/2022;KERJA;Reimburse;Lakban;62000;0;CASH
147;21/03/2022;JAJAN;Jajan & Rokok;Rokok;28000;0;CASH
148;21/03/2022;JAJAN;Jajan & Rokok;Starling;9000;0;CASH
149;21/03/2022;JAJAN;Kafe;GOR Bulungan;23000;0;BCA
150;21/03/2022;MAKAN;Makan Luar;Hisana;23000;0;CASH
151;22/03/2022;BELANJA;Pakaian;Kaos;200000;0;BCA
152;22/03/2022;KERJA;Reimburse;Meteran;150000;0;BCA
153;22/03/2022;KERJA;Reimburse;Reimburse;0;60000;CASH
154;22/03/2022;JAJAN;Jajan & Rokok;Indomaret;18000;0;CASH
155;22/03/2022;LAIN - LAIN;Saldo;Tarik tunai;250000;0;BCA
156;22/03/2022;LAIN - LAIN;Saldo;Tarik tunai;0;250000;CASH
157;22/03/2022;KERJA;Reimburse;Doket;273000;0;CASH
158;22/03/2022;HIBURAN;Entertainment;Mabuk;65000;0;CASH
159;22/03/2022;TRANSPORT;Publik;Parkir;6000;0;CASH
160;23/03/2022;BELANJA;Kebutuhan;Helm;420000;0;BCA
161;23/03/2022;LAIN - LAIN;Saldo;Tarik tunai;150000;0;BCA
162;23/03/2022;LAIN - LAIN;Saldo;Tarik tunai;0;150000;CASH
163;23/03/2022;MAKAN;Makan Luar;Warteg Wijaya;10000;0;CASH
164;23/03/2022;TRANSPORT;Pribadi;Pertamax;55000;0;CASH
165;23/03/2022;MAKAN;Makan Luar;Nasi Gandul;31500;0;CASH
166;24/03/2022;KERJA;Reimburse;Reimburse;0;277000;BCA
167;24/03/2022;MAKAN;Makan Luar;Warteg Wijaya;21000;0;CASH
168;24/03/2022;JAJAN;Jajan & Rokok;Warung;6000;0;CASH
169;24/03/2022;MAKAN;Makan Luar;Warteg Wijaya;10000;0;CASH
170;24/03/2022;KERJA;Reimburse;Sabut;15000;0;CASH
171;24/03/2022;KERJA;Reimburse;Kapi;40000;0;BCA
172;24/03/2022;JAJAN;Jajan & Rokok;Gorengan;7000;0;CASH
173;24/03/2022;TRANSPORT;Publik;Parkir;4000;0;CASH
174;24/03/2022;MAKAN;Makan Luar;Nasi Goreng Kos;14000;0;BCA
175;25/03/2022;KERJA;Reimburse;Reimburse;0;55000;CASH
176;25/03/2022;LAIN - LAIN;Saldo;Tarik tunai;100000;0;BCA
177;25/03/2022;LAIN - LAIN;Saldo;Tarik tunai;0;100000;CASH
178;25/03/2022;MAKAN;Makan Luar;Warteg;14000;0;CASH
179;25/03/2022;JAJAN;Jajan & Rokok;Rokok;39000;0;CASH
180;25/03/2022;TRANSPORT;Publik;Parkir;3000;0;CASH
181;25/03/2022;KERJA;Reimburse;Mata Bor;120000;0;BCA
182;25/03/2022;KERJA;Reimburse;Pengki;30000;0;CASH
183;25/03/2022;MAKAN;Makan Luar;Warteg Wijaya;10000;0;CASH
184;25/03/2022;KERJA;Gaji;Bonus Mandor;0;200000;CASH
185;25/03/2022;JAJAN;Jajan & Rokok;Warkop;19000;0;CASH
186;25/03/2022;MAKAN;Makan Luar;Nasi Goreng Kos;17000;0;BCA
187;26/03/2022;MAKAN;Makan Luar;Warteg Wijaya;16000;0;CASH
188;26/03/2022;MAKAN;Makan Luar;Warteg Wijaya;13000;0;CASH
189;26/03/2022;BELANJA;Kebutuhan;Masker;10500;0;CASH
190;26/03/2022;JAJAN;Jajan & Rokok;Rokok;34000;0;BCA
191;26/03/2022;HIBURAN;Entertainment;Mabuk;219665;0;BCA
192;26/03/2022;TRANSPORT;Publik;Parkir;9000;0;CASH
193;26/03/2022;JAJAN;Jajan & Rokok;Pentol;21000;0;CASH
194;27/03/2022;TEMPAT TINGGAL;Maintenance;Laundry;50000;0;CASH
195;27/03/2022;TABUNGAN;Sangu;Mamah;0;2000000;BCA
196;27/03/2022;JAJAN;Jajan & Rokok;Gorengan;16000;0;CASH
197;27/03/2022;MAKAN;Makan Luar;Wingstop;50000;0;CASH
198;27/03/2022;HIBURAN;Entertainment;Nonton;50000;0;CASH
199;27/03/2022;BELANJA;Pakaian;Topi;79900;0;BCA
200;27/03/2022;MAKAN;Makan Luar;Ichiban;37500;0;BCA
201;28/03/2022;KERJA;Gaji;Uang Makan;0;300000;CASH
202;28/03/2022;KERJA;Gaji;Uang Bensin;0;55000;CASH
203;28/03/2022;KERJA;Reimburse;Reimburse;0;160000;CASH
204;28/03/2022;TRANSPORT;Pribadi;Pertamax;60000;0;CASH
205;28/03/2022;MAKAN;Makan Luar;Warteg Wijaya;21000;0;CASH
206;28/03/2022;LAIN - LAIN;Saldo;Pindah saldo;1000000;0;BCA
207;28/03/2022;LAIN - LAIN;Saldo;Pindah saldo;0;1000000;BLU
208;28/03/2022;HIBURAN;Entertainment;Mabuk;100000;0;CASH
209;28/03/2022;JAJAN;Jajan & Rokok;Starling;5000;0;CASH
210;28/03/2022;MAKAN;Makan Luar;Warteg Wijaya;12000;0;CASH
211;28/03/2022;MAKAN;Makan Luar;Taichan;30000;0;CASH
212;28/03/2022;LAIN - LAIN;Teman;Pepi;30000;0;CASH
213;28/03/2022;JAJAN;Jajan & Rokok;Warung;20000;0;CASH
214;29/03/2022;MAKAN;Makan Luar;Warteg;14000;0;CASH
215;29/03/2022;LAIN - LAIN;Teman;Pepi;0;30000;BCA
216;29/03/2022;LAIN - LAIN;Teman;Tata;100858;0;BCA
217;29/03/2022;TABUNGAN;Sangu;Mamih;0;500000;BCA
218;29/03/2022;MAKAN;Makan Luar;Warteg Wijaya;14000;0;CASH
219;29/03/2022;JAJAN;Kafe;BroDen;40000;0;CASH
220;29/03/2022;MAKAN;Makan Luar;Kos Nodi;40000;0;BCA
221;30/03/2022;MAKAN;Makan Luar;Warteg Wijaya;21000;0;CASH
222;30/03/2022;JAJAN;Jajan & Rokok;Starling;5000;0;CASH
223;30/03/2022;LAIN - LAIN;Teman;Nodi;0;60000;BCA
224;30/03/2022;HIBURAN;Internet & Langganan;Internet;18500;0;BLU
225;30/03/2022;JAJAN;Jajan & Rokok;Rokok;35000;0;CASH
226;30/03/2022;MAKAN;Makan Luar;Warteg Wijaya;13000;0;CASH
227;30/03/2022;JAJAN;Jajan & Rokok;Gorengan;7000;0;CASH
228;30/03/2022;MAKAN;Online;Ayam Gepuk;21000;0;BCA
229;31/03/2022;KERJA;Gaji;Gaji;0;3500000;BCA
230;31/03/2022;TABUNGAN;Inves;Bibit;2000000;0;BCA
231;31/03/2022;BELANJA;Kebutuhan;Sarung Tangan;15000;0;CASH
232;31/03/2022;MAKAN;Makan Luar;Warteg Wijaya;14000;0;CASH
233;31/03/2022;MAKAN;Makan Luar;Warteg Wijaya;19000;0;CASH
234;31/03/2022;TEMPAT TINGGAL;Kos;Pindahan;35000;0;BCA
235;31/03/2022;MAKAN;Makan Luar;Warkop Kos;12000;0;CASH
236;31/03/2022;TEMPAT TINGGAL;Maintenance;Galon;20000;0;CASH
237;01/04/2022;TEMPAT TINGGAL;Kos;Bayar April - Mei;1100000;0;BCA
238;01/04/2022;HIBURAN;Internet & Langganan;Netflix;40000;0;BCA
239;01/04/2022;HIBURAN;Internet & Langganan;Spotify;31000;0;BCA
240;01/04/2022;MAKAN;Makan Luar;Padang;15000;0;CASH
241;01/04/2022;JAJAN;Jajan & Rokok;Familymart;14000;0;BCA
242;01/04/2022;KERJA;Gaji;Uang Makan;0;250000;BCA
243;01/04/2022;KERJA;Gaji;Uang Pulsa;0;200000;BCA
244;01/04/2022;KERJA;Gaji;Uang Bensin;0;60000;BCA
245;01/04/2022;TABUNGAN;Bunga & Admin;Bunga;0;81,64;BCA
246;01/04/2022;TABUNGAN;Bunga & Admin;Bunga;5000;104,37;MANDIRI
247;01/04/2022;TABUNGAN;Bunga & Admin;Bunga;0;5772,99;BLU
248;01/04/2022;MAKAN;Online;Pak Gembus;50000;0;BCA
249;02/04/2022;MAKAN;Online;Nasi Kuning;50000;0;BCA
250;02/04/2022;TEMPAT TINGGAL;Kos;Deposit;0;1500000;BCA
251;03/04/2022;MAKAN;Online;IKI Bento;30000;0;BCA
252;03/04/2022;MAKAN;Online;Nasi Goreng UFO;30000;0;BCA
253;03/04/2022;MAKAN;Online;Ayam Geprek Omema;30000;0;BCA
254;04/04/2022;LAIN - LAIN;Saldo;Tarik tunai;400000;0;BCA
255;04/04/2022;LAIN - LAIN;Saldo;Tarik tunai;0;400000;CASH
256;04/04/2022;MAKAN;Makan Luar;Warteg Wijaya;15000;0;CASH
257;04/04/2022;MAKAN;Makan Luar;Ayam Kambal;31500;0;CASH
258;04/04/2022;TRANSPORT;Publik;Parkir;4000;0;CASH
259;04/04/2022;KERJA;Reimburse;Solasi;20000;0;CASH
260;04/04/2022;JAJAN;Jajan & Rokok;Starling;5000;0;CASH
261;04/04/2022;BELANJA;Kebutuhan;Shampo;72500;0;CASH
262;04/04/2022;TEMPAT TINGGAL;Maintenance;Listrik;52750;0;BCA
263;04/04/2022;TABUNGAN;Inves;Bibit;1000000;0;BCA
264;04/04/2022;MAKAN;Makan Luar;Warkop Kos;11000;0;CASH
265;05/04/2022;MAKAN;Makan Luar;Warteg Wijaya;10000;0;CASH
266;05/04/2022;KERJA;Reimburse;Print;18000;0;CASH
267;05/04/2022;KERJA;Reimburse;Reimburse;0;26000;CASH
268;05/04/2022;MAKAN;Makan Luar;Warteg Wijaya;29000;0;CASH
269;05/04/2022;TRANSPORT;Pribadi;Pertamax;100000;0;CASH
270;05/04/2022;JAJAN;Jajan & Rokok;Rokok;33000;0;CASH
271;06/04/2022;JAJAN;Kafe;Seven Speed;86000;0;BCA
272;06/04/2022;MAKAN;Makan Luar;Padang Wijaya;13000;0;CASH
273;06/04/2022;JAJAN;Jajan & Rokok;Familymart;18500;0;BLU
274;06/04/2022;TRANSPORT;Publik;Parkir;2000;0;CASH
275;07/04/2022;BELANJA;Kebutuhan;Sunscreen;110000;0;BCA
276;07/04/2022;MAKAN;Makan Luar;Warteg Wijaya;17000;0;CASH
277;07/04/2022;LAIN - LAIN;Saldo;Tarik tunai;300000;0;BCA
278;07/04/2022;LAIN - LAIN;Saldo;Tarik tunai;0;300000;CASH
279;07/04/2022;KERJA;Gaji;Bonus Mandor;0;100000;CASH
280;07/04/2022;TRANSPORT;Publik;Parkir;2000;0;CASH
281;07/04/2022;JAJAN;Jajan & Rokok;Warung;20000;0;CASH
282;07/04/2022;MAKAN;Online;Babrex;20000;0;BCA
283;08/04/2022;MAKAN;Makan Luar;Warteg Wijaya;20000;0;CASH
284;08/04/2022;JAJAN;Jajan & Rokok;Warung;5000;0;CASH
285;08/04/2022;MAKAN;Makan Luar;Padang Wijaya;13000;0;CASH
286;08/04/2022;TEMPAT TINGGAL;Maintenance;Laundry;35000;0;CASH
287;08/04/2022;JAJAN;Jajan & Rokok;Rokok;23000;0;CASH
288;08/04/2022;MAKAN;Online;Moon Chicken;40000;0;BCA
289;08/04/2022;HIBURAN;Entertainment;Mabuk;60000;0;CASH
290;09/04/2022;MAKAN;Makan Luar;Warteg Wijaya;15000;0;CASH
291;09/04/2022;JAJAN;Jajan & Rokok;Doger;5000;0;CASH
292;09/04/2022;KERJA;Gaji;Bonus Mandor;0;200000;CASH
293;09/04/2022;MAKAN;Makan Luar;Padang Kos;25000;0;CASH
294;09/04/2022;MAKAN;Online;Chigo;60000;0;BCA
295;10/04/2022;LAIN - LAIN;Saldo;Pindah saldo;800110;0;MANDIRI
296;10/04/2022;TABUNGAN;Inves;Bibit;1000000;0;MANDIRI
297;10/04/2022;LAIN - LAIN;Saldo;Pindah saldo;0;800000;BLU
298;10/04/2022;MAKAN;Makan Luar;Padang Kos;25000;0;CASH
299;10/04/2022;MAKAN;Makan Luar;Rames;16000;0;CASH
300;10/04/2022;TRANSPORT;Publik;Parkir;5000;0;CASH
301;10/04/2022;HIBURAN;Entertainment;Mabuk;100000;0;CASH
302;10/04/2022;JAJAN;Kafe;Relung Kopi;35000;0;BCA
303;11/04/2022;JAJAN;Jajan & Rokok;Warung;13000;0;CASH
304;11/04/2022;MAKAN;Makan Luar;Warteg Wijaya;14000;0;CASH
305;11/04/2022;MAKAN;Makan Luar;Kos Nodi;30000;0;BCA
306;11/04/2022;MAKAN;Makan Luar;Burjo;13000;0;CASH
307;12/04/2022;TRANSPORT;Pribadi;Shell;100000;0;CASH
308;12/04/2022;KERJA;Reimburse;Paku Beton;95000;0;CASH
309;12/04/2022;MAKAN;Makan Luar;Warteg Wijaya;17000;0;CASH
310;12/04/2022;JAJAN;Jajan & Rokok;Warung;5000;0;CASH
311;12/04/2022;MAKAN;Makan Luar;Padang Wijaya;13000;0;CASH
312;13/04/2022;KERJA;Reimburse;Reimburse;0;125000;CASH
313;13/04/2022;KERJA;Gaji;Uang Makan;0;250000;CASH
314;13/04/2022;KERJA;Gaji;Uang Bensin;0;100000;CASH
315;13/04/2022;KERJA;Reimburse;Mata Bor;75000;0;CASH
316;13/04/2022;BELANJA;Hobi;Notebook;170000;0;BCA
317;13/04/2022;BELANJA;Hobi;Jam;100000;0;BCA
318;13/04/2022;BELANJA;Hobi;Stand Laptop;126105;0;BCA
319;13/04/2022;MAKAN;Makan Luar;Warteg Wijaya;15000;0;CASH
320;13/04/2022;JAJAN;Jajan & Rokok;Rokok;9000;0;CASH
321;13/04/2022;LAIN - LAIN;Teman;Pak Tanto;26000;0;BLU
322;13/04/2022;LAIN - LAIN;Teman;Pak Tanto;0;26000;CASH
323;13/04/2022;MAKAN;Makan Luar;Padang;13000;0;CASH
324;13/04/2022;JAJAN;Jajan & Rokok;Rokok;38000;0;CASH
325;14/04/2022;KERJA;Reimburse;Ember;200000;0;CASH
326;14/04/2022;MAKAN;Makan Luar;Warteg Wijaya;14000;0;CASH
327;14/04/2022;BELANJA;Kebutuhan;Guling;30000;0;CASH
328;14/04/2022;TEMPAT TINGGAL;Maintenance;Galon;20000;0;CASH
329;14/04/2022;KERJA;Gaji;Uang Makan;0;250000;BCA
330;14/04/2022;KERJA;Gaji;Uang Bensin;0;100000;BCA
331;14/04/2022;KERJA;Gaji;Bonus Mandor;0;50000;CASH
332;14/04/2022;MAKAN;Makan Luar;Padang Wijaya;8000;0;CASH
333;14/04/2022;MAKAN;Online;Totlah;40000;0;BCA
334;14/04/2022;MAKAN;Makan Luar;Warkop Kos;13000;0;CASH
335;15/04/2022;MAKAN;Makan Luar;Kao House;85000;0;BCA
336;15/04/2022;MAKAN;Makan Luar;Roofie;35080;0;BCA
337;15/04/2022;LAIN - LAIN;Teman;Cecep;0;16000;BCA
338;16/04/2022;BELANJA;Kebutuhan;Kacamata;275000;0;BLU
339;16/04/2022;MAKAN;Makan Luar;Warung;20000;0;CASH
340;16/04/2022;MAKAN;Makan Luar;Padang Wijaya;15000;0;CASH
341;16/04/2022;JAJAN;Jajan & Rokok;Warung;7000;0;CASH
342;16/04/2022;TABUNGAN;Bunga & Admin;Bunga;7500;0;BCA
343;16/04/2022;TRANSPORT;Publik;Parkir;4000;0;CASH
344;16/04/2022;MAKAN;Makan Luar;Warteg Agung;25000;0;CASH
345;16/04/2022;MAKAN;Makan Luar;Roofie;50000;0;BCA
346;17/04/2022;MAKAN;Online;Murabae Bento;35000;0;BCA
347;17/04/2022;LAIN - LAIN;Saldo;Tarik tunai;300000;0;BCA
348;17/04/2022;LAIN - LAIN;Saldo;Tarik tunai;0;300000;CASH
349;17/04/2022;HIBURAN;Self Care;Cukur;40000;0;CASH
350;17/04/2022;TRANSPORT;Publik;Parkir;12500;0;CASH
351;17/04/2022;MAKAN;Makan Luar;Sate Kambing;35000;0;CASH
352;17/04/2022;JAJAN;Kafe;Monarki;25000;0;CASH
353;17/04/2022;LAIN - LAIN;Teman;Ola;20000;0;BCA
354;17/04/2022;MAKAN;Makan Luar;Bakmi;20000;0;CASH
355;17/04/2022;TRANSPORT;Pribadi;Pertamax;70000;0;CASH
356;17/04/2022;KERJA;Reimburse;Print;12000;0;CASH
357;18/04/2022;MAKAN;Makan Luar;Warteg;13000;0;CASH
358;18/04/2022;MAKAN;Makan Luar;Warteg Wijaya;14000;0;CASH
359;18/04/2022;JAJAN;Jajan & Rokok;Gorengan;10000;0;CASH
360;18/04/2022;KERJA;Gaji;Bonus Mandor;0;100000;CASH
361;18/04/2022;BELANJA;Kebutuhan;Kartu Flazz;50000;0;BCA
362;18/04/2022;HIBURAN;Internet & Langganan;Internet;62250;0;BCA
363;18/04/2022;MAKAN;Makan Luar;Warkop Kos;14000;0;CASH
364;18/04/2022;JAJAN;Jajan & Rokok;Rokok;33000;0;CASH
365;19/04/2022;KERJA;Gaji;Uang Kos;0;600000;CASH
366;19/04/2022;KERJA;Reimburse;Reimburse;0;275000;CASH
367;19/04/2022;MAKAN;Makan Luar;Warteg Wijaya;21000;0;CASH
368;19/04/2022;JAJAN;Jajan & Rokok;Warung;5000;0;CASH
369;19/04/2022;MAKAN;Makan Luar;Padang Wijaya;17000;0;CASH
370;19/04/2022;TEMPAT TINGGAL;Maintenance;Laundry;42000;0;CASH
371;19/04/2022;TRANSPORT;Publik;Parkir;5000;0;CASH
372;20/04/2022;MAKAN;Makan Luar;Warteg Wijaya;19000;0;CASH
373;20/04/2022;JAJAN;Jajan & Rokok;Warung;6000;0;CASH
374;20/04/2022;MAKAN;Makan Luar;Warteg Wijaya;12000;0;CASH
375;20/04/2022;TRANSPORT;Publik;Parkir;2000;0;CASH
376;20/04/2022;MAKAN;Makan Luar;Oh My Grill;104000;0;CASH
377;21/04/2022;TRANSPORT;Pribadi;Pertamax;50000;0;CASH
378;21/04/2022;MAKAN;Makan Luar;Warteg Wijaya;11000;0;CASH
379;21/04/2022;MAKAN;Makan Luar;Warung;21000;0;CASH
380;21/04/2022;JAJAN;Jajan & Rokok;Rokok;7000;0;CASH
381;21/04/2022;KERJA;Gaji;Bonus Mandor;0;300000;CASH
382;21/04/2022;MAKAN;Online;Nasi Jamblang;40000;0;BCA
383;22/04/2022;KERJA;Gaji;Gaji;0;3500000;BCA
384;22/04/2022;LAIN - LAIN;Saldo;Pindah saldo;500000;0;BCA
385;22/04/2022;TABUNGAN;Inves;Bibit;2000000;0;BCA
386;22/04/2022;LAIN - LAIN;Saldo;Pindah saldo;0;500000;BLU
387;22/04/2022;MAKAN;Online;Ayam Bakar Family;40000;0;BCA
388;22/04/2022;KERJA;Gaji;Uang Makan;0;300000;CASH
389;22/04/2022;KERJA;Gaji;Uang Bensin;0;120000;CASH
390;23/04/2022;MAKAN;Online;Remesin;40000;0;BCA
391;23/04/2022;MAKAN;Makan Luar;Mie Ayam Keriting;36000;0;CASH
392;23/04/2022;JAJAN;Jajan & Rokok;Rokok;33000;0;CASH
393;23/04/2022;TRANSPORT;Publik;Parkir;2000;0;CASH
394;23/04/2022;HIBURAN;Entertainment;Mabuk;122000;0;CASH
395;23/04/2022;MAKAN;Makan Luar;Sate Padang;15000;0;CASH
396;23/04/2022;TEMPAT TINGGAL;Maintenance;Listrik;52750;0;BCA
397;24/04/2022;MAKAN;Online;Padang;50000;0;BCA
398;24/04/2022;LAIN - LAIN;Teman;Krisna;0;268000;BCA
399;24/04/2022;JAJAN;Jajan & Rokok;Rokok;21000;0;CASH
400;24/04/2022;LAIN - LAIN;Teman;Cecep;0;40000;BCA
401;24/04/2022;LAIN - LAIN;Teman;Krisna;200000;0;CASH
402;24/04/2022;JAJAN;Kafe;Starbucks;68000;0;BCA
403;24/04/2022;MAKAN;Makan Luar;Ikkudo Ichi;93000;0;BCA
404;24/04/2022;LAIN - LAIN;Teman;Cecep;0;20000;CASH
405;24/04/2022;TRANSPORT;Publik;Parkir;5000;0;CASH
406;24/04/2022;TRANSPORT;Publik;Kereta;194250;0;BCA
407;25/04/2022;MAKAN;Makan Luar;Padang Kos;20000;0;CASH
408;25/04/2022;MAKAN;Makan Luar;Warteg Wijaya;13000;0;CASH
409;25/04/2022;MAKAN;Online;Ayam Bang Dava;25000;0;BCA
410;26/04/2022;MAKAN;Makan Luar;Warteg;20000;0;CASH
411;26/04/2022;JAJAN;Jajan & Rokok;Familymart;13000;0;CASH
412;26/04/2022;MAKAN;Online;Truffle Belly;50000;0;BCA
413;26/04/2022;JAJAN;Jajan & Rokok;Rokok;34000;0;CASH
414;26/04/2022;MAKAN;Online;Ayam Bakar Family;10500;0;BCA
415;27/04/2022;MAKAN;Online;Sec Bowl;25000;0;BCA
416;27/04/2022;TEMPAT TINGGAL;Maintenance;Galon;20000;0;CASH
417;27/04/2022;TEMPAT TINGGAL;Maintenance;Laundry;30000;0;CASH
418;27/04/2022;TRANSPORT;Pribadi;Pertamax;50000;0;CASH
419;28/04/2022;MAKAN;Online;Truffle Belly;50000;0;BCA
420;28/04/2022;TABUNGAN;Sangu;Mamah;0;2000000;BCA
421;28/04/2022;MAKAN;Makan Luar;Padang;18000;0;CASH
422;29/04/2022;MAKAN;Online;Nayam;30000;0;BCA
423;29/04/2022;HIBURAN;Entertainment;Nonton;51000;0;BCA
424;29/04/2022;LAIN - LAIN;Teman;Ola;100000;0;CASH
425;29/04/2022;LAIN - LAIN;Teman;Ola;0;100000;BCA
426;29/04/2022;JAJAN;Jajan & Rokok;Rokok;38000;0;CASH
427;29/04/2022;TRANSPORT;Publik;Parkir;4000;0;CASH
428;29/04/2022;MAKAN;Makan Luar;Padang;20000;0;CASH
429;29/04/2022;JAJAN;Jajan & Rokok;Minum;16000;0;CASH
430;30/04/2022;MAKAN;Online;Totlah;30000;0;BCA
431;30/04/2022;JAJAN;Jajan & Rokok;Familymart;15000;0;CASH
432;30/04/2022;MAKAN;Makan Luar;Warteg;13000;0;CASH
433;30/04/2022;BELANJA;Kebutuhan;Sabun;98000;0;CASH
434;01/05/2022;BELANJA;Hobi;Sapu Laptop;30000;0;BCA
435;01/05/2022;MAKAN;Makan Luar;Warteg;15000;0;CASH
436;01/05/2022;TEMPAT TINGGAL;Kos;Bayar Mei - Juni;1400000;0;BCA
437;01/05/2022;BELANJA;Hobi;Keyboard 1/3;639882;0;BCA
438;01/05/2022;TABUNGAN;Bunga & Admin;Bunga;0;76,27;BCA
439;01/05/2022;TABUNGAN;Bunga & Admin;Bunga;0;8102,96;BLU
440;01/05/2022;TABUNGAN;Bunga & Admin;Bunga;5000;24,68;MANDIRI
441;01/05/2022;MAKAN;Makan Luar;Warteg;12000;0;CASH
442;01/05/2022;JAJAN;Kafe;Tanatap Coffee;48000;0;CASH
443;01/05/2022;MAKAN;Makan Luar;Taichan;140000;0;CASH
444;02/05/2022;MAKAN;Online;Gold Chick;25500;0;BCA
445;02/05/2022;LAIN - LAIN;Teman;Pepi;0;99999;BCA
446;02/05/2022;MAKAN;Online;Mangkokku;50000;0;BCA
447;03/05/2022;MAKAN;Online;Sec Bowl;50000;0;BCA
448;03/05/2022;MAKAN;Makan Luar;Warteg;15000;0;CASH
449;03/05/2022;JAJAN;Jajan & Rokok;Rokok;27000;0;CASH
450;04/05/2022;TRANSPORT;Publik;Gojek;40000;0;BCA
451;04/05/2022;JAJAN;Jajan & Rokok;Alfaexpress;14000;0;CASH
452;04/05/2022;MAKAN;Makan Luar;Angkringan;14000;0;CASH
453;04/05/2022;TRANSPORT;Publik;Parkir;4500;0;CASH
454;05/05/2022;HIBURAN;Entertainment;Nonton;50000;0;CASH
455;05/05/2022;LAIN - LAIN;Saldo;Top up flazz;20000;0;BCA
456;05/05/2022;LAIN - LAIN;Saldo;Top up flazz;0;20000;FLAZZ
457;05/05/2022;TRANSPORT;Publik;Parkir;3000;0;FLAZZ
458;05/05/2022;HIBURAN;Self Care;Kursus;150000;0;BLU
459;05/05/2022;TABUNGAN;Sangu;Mamah;0;1000000;CASH
460;05/05/2022;HIBURAN;Self Care;Kursus;115000;0;BCA
461;07/05/2022;JAJAN;Jajan & Rokok;Rokok;44000;0;CASH
462;07/05/2022;MAKAN;Makan Luar;Sate Kambing Neng Lia;260000;0;CASH
463;08/05/2022;MAKAN;Online;Totlah;70000;0;BCA
464;08/05/2022;MAKAN;Online;Pork Hub;30000;0;BLU
465;09/05/2022;MAKAN;Makan Luar;Oh My Grill;90000;0;BCA
466;10/05/2022;TRANSPORT;Pribadi;Nitrogen;10000;0;CASH
467;10/05/2022;MAKAN;Makan Luar;Warteg;10000;0;CASH
468;10/05/2022;JAJAN;Jajan & Rokok;Familymart;13000;0;CASH
469;10/05/2022;MAKAN;Makan Luar;Warteg Wijaya;13000;0;CASH
470;10/05/2022;KERJA;Reimburse;Kasbon Tukang;200000;0;CASH
471;11/05/2022;MAKAN;Online;Gold Chick;30000;0;BCA
472;11/05/2022;JAJAN;Jajan & Rokok;Indomaret;15500;0;CASH
473;11/05/2022;TRANSPORT;Pribadi;Pertamax;60000;0;CASH
474;11/05/2022;MAKAN;Makan Luar;Hisana;17000;0;CASH
475;11/05/2022;JAJAN;Jajan & Rokok;Rokok;8000;0;CASH
476;12/05/2022;JAJAN;Jajan & Rokok;Warung;15000;0;CASH
477;12/05/2022;KERJA;Reimburse;Kasbon Tukang;0;200000;CASH
478;12/05/2022;MAKAN;Makan Luar;Warteg Wijaya;20000;0;CASH
479;12/05/2022;JAJAN;Jajan & Rokok;Rokok;35000;0;CASH
480;12/05/2022;HIBURAN;Self Care;Konsultasi;180068;0;BCA
481;12/05/2022;JAJAN;Jajan & Rokok;Warkop kos;4000;0;CASH
482;12/05/2022;TEMPAT TINGGAL;Maintenance;Listrik;44425;0;BCA
483;12/05/2022;MAKAN;Makan Luar;Padang Kos;20000;0;CASH
484;13/05/2022;JAJAN;Jajan & Rokok;Warkop;4000;0;CASH
485;13/05/2022;MAKAN;Makan Luar;Warung;18000;0;CASH
486;13/05/2022;JAJAN;Kafe;Monarki;26000;0;CASH
487;13/05/2022;MAKAN;Makan Luar;Taichan;115000;0;CASH
488;13/05/2022;TRANSPORT;Publik;Parkir;2000;0;CASH
489;13/05/2022;MAKAN;Makan Luar;Warteg;11000;0;CASH
490;14/05/2022;MAKAN;Makan Luar;Warteg Wijaya;16000;0;CASH
491;14/05/2022;TABUNGAN;Inves;Ajaib;2000000;0;BLU
492;14/05/2022;JAJAN;Jajan & Rokok;Warung;7000;0;CASH
493;14/05/2022;JAJAN;Jajan & Rokok;Indomaret;43500;0;CASH
494;14/05/2022;MAKAN;Makan Luar;Bebek Bakar;78000;0;CASH
495;14/05/2022;JAJAN;Jajan & Rokok;Rokok;40000;0;CASH
496;14/05/2022;MAKAN;Makan Luar;Padang Wijaya;16000;0;CASH
497;15/05/2022;JAJAN;Jajan & Rokok;Kopi Tak Kie;50400;0;BCA
498;15/05/2022;TRANSPORT;Publik;Parkir;2000;0;FLAZZ
499;15/05/2022;TRANSPORT;Pribadi;Pertamax;70000;0;CASH
500;15/05/2022;TEMPAT TINGGAL;Maintenance;Laundry;35000;0;CASH
501;15/05/2022;MAKAN;Online;McDonald's;65000;0;BCA
502;15/05/2022;TRANSPORT;Publik;Parkir;2000;0;CASH
503;16/05/2022;MAKAN;Online;Nasi Kuning Mbok Rum;45000;0;BCA
504;16/05/2022;TRANSPORT;Publik;Parkir;3000;0;FLAZZ
505;16/05/2022;MAKAN;Makan Luar;Mie Karet Taman Sari;140000;0;CASH
506;16/05/2022;TABUNGAN;Inves;Ajaib;394000;0;BLU
507;16/05/2022;JAJAN;Kafe;Dialogue;97900;0;BCA
508;16/05/2022;LAIN - LAIN;Teman;Cecep;0;66000;BCA
509;16/05/2022;LAIN - LAIN;Teman;Ola;48000;80000;BCA
510;16/05/2022;TRANSPORT;Publik;Parkir;4000;0;FLAZZ
511;16/05/2022;JAJAN;Jajan & Rokok;Minum;11000;0;CASH
512;16/05/2022;MAKAN;Makan Luar;Ketupat Sayur Mandala;22000;0;CASH
513;16/05/2022;LAIN - LAIN;Teman;Krisna;0;37000;CASH
514;16/05/2022;LAIN - LAIN;Teman;Ola;0;10000;CASH
515;17/05/2022;KERJA;Gaji;Uang Makan;0;100000;CASH
516;17/05/2022;KERJA;Gaji;Uang Kos;0;600000;CASH
517;17/05/2022;MAKAN;Makan Luar;Warteg;16000;0;CASH
518;17/05/2022;JAJAN;Jajan & Rokok;Pima;11000;0;CASH
519;17/05/2022;MAKAN;Makan Luar;Hisana;25000;0;CASH
520;17/05/2022;JAJAN;Jajan & Rokok;Minum;5000;0;CASH
521;17/05/2022;TEMPAT TINGGAL;Maintenance;Galon;20000;0;CASH
522;17/05/2022;HIBURAN;Internet & Langganan;Internet;35600;0;BCA
523;17/05/2022;JAJAN;Jajan & Rokok;Warung;9000;0;CASH
524;18/05/2022;MAKAN;Makan Luar;Warteg;20000;0;CASH
525;18/05/2022;MAKAN;Makan Luar;Warteg;19000;0;CASH
526;18/05/2022;MAKAN;Online;Moon Chicken;27000;0;BLU
527;18/05/2022;JAJAN;Jajan & Rokok;Rokok;40000;0;CASH
528;19/05/2022;MAKAN;Makan Luar;Warteg;21000;0;CASH
529;19/05/2022;MAKAN;Makan Luar;Warteg;20000;0;CASH
530;19/05/2022;TRANSPORT;Pribadi;Pertamax;70000;0;CASH
531;19/05/2022;MAKAN;Online;Remesin;26000;0;BLU
532;19/05/2022;JAJAN;Jajan & Rokok;Minum;5000;0;CASH
533;20/05/2022;BELANJA;Kebutuhan;Masker;35000;0;BCA
534;20/05/2022;MAKAN;Makan Luar;Warteg;21000;0;CASH
535;20/05/2022;KERJA;Reimburse;Dynabolt;10000;0;CASH
536;20/05/2022;MAKAN;Online;Gold Chick;30000;0;BLU
537;20/05/2022;KERJA;Gaji;Uang Makan;0;250000;BCA
538;20/05/2022;KERJA;Gaji;Uang Bensin;0;140000;BCA
539;20/05/2022;KERJA;Gaji;Uang Pulsa;0;200000;BCA
540;20/05/2022;HIBURAN;Entertainment;Nonton;40000;0;BCA
541;20/05/2022;MAKAN;Makan Luar;Jejepangan;47000;0;CASH
542;20/05/2022;LAIN - LAIN;Teman;Ola;46000;0;CASH
543;20/05/2022;TRANSPORT;Publik;Parkir;7000;0;CASH
544;21/05/2022;MAKAN;Makan Luar;Warteg;16000;0;CASH
545;21/05/2022;BELANJA;Kebutuhan;Sunscreen;40000;0;BCA
546;21/05/2022;TRANSPORT;Publik;Parkir;2000;0;CASH
547;21/05/2022;KERJA;Reimburse;Pipa;116000;0;CASH
548;21/05/2022;MAKAN;Makan Luar;Warteg;19000;0;CASH
549;21/05/2022;JAJAN;Jajan & Rokok;Warung;3000;0;CASH
550;21/05/2022;MAKAN;Makan Luar;Gultik;30000;0;CASH
551;21/05/2022;MAKAN;Makan Luar;Warteg;19000;0;CASH
552;21/05/2022;TRANSPORT;Publik;Parkir;10000;0;CASH
553;22/05/2022;MAKAN;Online;Nasi Kuning Mbok Rum;50000;0;BCA
554;22/05/2022;LAIN - LAIN;Teman;Krisna;0;40000;CASH
555;22/05/2022;JAJAN;Jajan & Rokok;Rokok;14000;0;CASH
556;22/05/2022;MAKAN;Makan Luar;Ayam Bakar Tulang Lunak;32000;0;CASH
557;22/05/2022;BELANJA;Kebutuhan;Helm;110000;0;CASH
558;22/05/2022;LAIN - LAIN;Saldo;Tarik tunai;200000;0;BCA
559;22/05/2022;LAIN - LAIN;Saldo;Tarik tunai;0;200000;CASH
560;22/05/2022;TRANSPORT;Publik;Parkir;11000;0;CASH
561;22/05/2022;MAKAN;Makan Luar;Winglok;50000;0;CASH
562;22/05/2022;LAIN - LAIN;Teman;Ola;40000;0;CASH
563;22/05/2022;LAIN - LAIN;Teman;Ola;0;46500;BCA
564;22/05/2022;JAJAN;Jajan & Rokok;Rokok;34000;0;CASH
565;22/05/2022;TABUNGAN;Bunga & Admin;Bunga;7500;0;BCA
566;23/05/2022;KERJA;Reimburse;Reimburse;0;126000;CASH
567;23/05/2022;KERJA;Reimburse;Mata Gerinda;78000;0;CASH
568;23/05/2022;MAKAN;Makan Luar;Warteg;16000;0;CASH
569;23/05/2022;TRANSPORT;Publik;Gojek;40000;0;BCA
570;23/05/2022;MAKAN;Makan Luar;Warteg;19000;0;CASH
571;23/05/2022;MAKAN;Makan Luar;Warteg;26000;0;CASH
572;23/05/2022;LAIN - LAIN;Teman;Ola;23000;45000;CASH
573;23/05/2022;TRANSPORT;Publik;Parkir;3000;0;FLAZZ
574;23/05/2022;TRANSPORT;Pribadi;Pertamax;30000;0;CASH
575;24/05/2022;KERJA;Reimburse;Reimburse;0;116000;CASH
576;24/05/2022;TRANSPORT;Pribadi;Pertamax;75000;0;CASH
577;24/05/2022;MAKAN;Makan Luar;Warteg;16000;0;CASH
578;24/05/2022;MAKAN;Makan Luar;Padang Kos;20000;0;CASH
579;24/05/2022;JAJAN;Jajan & Rokok;Jus;12000;0;CASH
580;24/05/2022;LAIN - LAIN;Saldo;Tarik tunai;200000;0;BCA
581;24/05/2022;LAIN - LAIN;Saldo;Tarik tunai;0;200000;CASH
582;24/05/2022;JAJAN;Jajan & Rokok;Warkop;5000;0;CASH
583;25/05/2022;JAJAN;Jajan & Rokok;Indomaret;59500;0;CASH
584;25/05/2022;JAJAN;Jajan & Rokok;Gorengan;5000;0;CASH
585;25/05/2022;LAIN - LAIN;Teman;Ola;0;23000;BCA
586;25/05/2022;HIBURAN;Entertainment;Mabuk;300315;0;BCA
587;25/05/2022;JAJAN;Jajan & Rokok;Warung;5000;0;CASH
588;25/05/2022;TEMPAT TINGGAL;Maintenance;Laundry;28000;0;CASH
589;25/05/2022;MAKAN;Online;Gold Chick;28000;0;BCA
590;25/05/2022;MAKAN;Makan Luar;Taichan;20000;0;CASH
591;26/05/2022;MAKAN;Online;Nayam;32500;0;BCA
592;26/05/2022;MAKAN;Makan Luar;Padang Kos;20000;0;CASH
593;26/05/2022;MAKAN;Online;Sate Ayam;17000;0;BCA
594;27/05/2022;MAKAN;Makan Luar;Warteg;16000;0;CASH
595;27/05/2022;MAKAN;Makan Luar;Warteg;19000;0;CASH
596;27/05/2022;JAJAN;Jajan & Rokok;Warung;4000;0;CASH
597;27/05/2022;LAIN - LAIN;Saldo;Top up flazz;20000;0;BCA
598;27/05/2022;LAIN - LAIN;Saldo;Top up flazz;0;20000;FLAZZ
599;27/05/2022;TRANSPORT;Publik;Parkir;10000;0;CASH
600;27/05/2022;MAKAN;Online;McDonald's;61500;0;BCA
601;27/05/2022;TABUNGAN;Sangu;Mamah;0;2000000;BCA
602;27/05/2022;BELANJA;Kebutuhan;Rice Cooker;200000;0;BCA
603;28/05/2022;MAKAN;Makan Luar;Warteg;13000;0;CASH
604;28/05/2022;LAIN - LAIN;Saldo;Tarik tunai;0;200000;CASH
605;28/05/2022;LAIN - LAIN;Saldo;Tarik tunai;200000;0;BCA
606;28/05/2022;JAJAN;Jajan & Rokok;Rokok;24000;0;CASH
607;28/05/2022;JAJAN;Jajan & Rokok;Warung;5000;0;CASH
608;28/05/2022;MAKAN;Makan Luar;Warmindo;13000;0;CASH
609;28/05/2022;TRANSPORT;Publik;Parkir;5000;0;CASH
610;28/05/2022;MAKAN;Makan Luar;Chickro;70500;0;BCA
611;28/05/2022;LAIN - LAIN;Teman;Ola;75000;75000;BCA
612;28/05/2022;LAIN - LAIN;Teman;Cecep;102500;0;BCA
613;28/05/2022;LAIN - LAIN;Teman;Krisnandio;30000;0;BCA
614;29/05/2022;MAKAN;Online;Nasi Kuning Mbok Rum;28000;0;BCA
615;29/05/2022;TABUNGAN;Bunga & Admin;Bunga;2552;0;BCA
616;29/05/2022;MAKAN;Online;Gold Chick;16000;0;BCA
617;29/05/2022;LAIN - LAIN;Teman;Cecep;16000;100000;BCA
618;29/05/2022;JAJAN;Jajan & Rokok;Rokok;34000;0;CASH
619;30/05/2022;MAKAN;Makan Luar;Padang Kos;24000;0;CASH
620;30/05/2022;MAKAN;Online;Nasi Campur Pontianak;26000;0;BCA
621;30/05/2022;MAKAN;Makan Luar;Warmindo;12000;0;CASH
622;31/05/2022;KERJA;Gaji;Uang Makan;0;250000;CASH
623;31/05/2022;KERJA;Gaji;Uang Bensin;0;95000;CASH
624;31/05/2022;KERJA;Gaji;Gaji;0;3500000;BCA
625;31/05/2022;LAIN - LAIN;Saldo;Pindah saldo;0;2100000;BLU
626;31/05/2022;LAIN - LAIN;Saldo;Pindah saldo;2100000;0;BCA
627;31/05/2022;TRANSPORT;Pribadi;Pertamax;75000;0;CASH
628;31/05/2022;JAJAN;Jajan & Rokok;Warung;7000;0;CASH
629;31/05/2022;KERJA;Reimburse;Mata Potong Keramik;190000;0;CASH
630;31/05/2022;KERJA;Reimburse;Pasir;335000;0;BCA
631;31/05/2022;MAKAN;Makan Luar;Warteg;18000;0;CASH
632;31/05/2022;BELANJA;Kebutuhan;Makanan;318980;0;BCA
633;31/05/2022;JAJAN;Jajan & Rokok;Rokok;35000;0;CASH
634;31/05/2022;TRANSPORT;Publik;Parkir;2000;0;FLAZZ
635;01/06/2022;TABUNGAN;Bunga & Admin;Bunga;0;5467,69;BLU
636;01/06/2022;TABUNGAN;Bunga & Admin;Bunga;7500;0;MANDIRI
637;01/06/2022;BELANJA;Hobi;Keyboard 2/3;639882;0;BLU
638;01/06/2022;TEMPAT TINGGAL;Kos;Bayar Juni - Juli;1400000;0;BCA
639;01/06/2022;HIBURAN;Internet & Langganan;Netflix;40000;0;BCA
640;01/06/2022;HIBURAN;Internet & Langganan;Pulsa;16500;0;BCA
641;01/06/2022;HIBURAN;Internet & Langganan;Spotify;30000;0;BCA
642;01/06/2022;JAJAN;Jajan & Rokok;Indomaret;13000;0;CASH
643;01/06/2022;TEMPAT TINGGAL;Maintenance;Laundry;35000;0;CASH
644;01/06/2022;TEMPAT TINGGAL;Maintenance;Galon;20000;0;CASH
645;02/06/2022;KERJA;Reimburse;Reimburse;0;525000;CASH
646;02/06/2022;JAJAN;Jajan & Rokok;Warung;3000;0;CASH
647;02/06/2022;MAKAN;Makan Luar;Warteg;17000;0;CASH
648;03/06/2022;JAJAN;Jajan & Rokok;Warung;8000;0;CASH
649;03/06/2022;MAKAN;Makan Luar;Warteg;25000;0;CASH
650;03/06/2022;KERJA;Reimburse;Roll Cat;40000;0;CASH
651;03/06/2022;KERJA;Gaji;Uang Makan;0;200000;BCA
652;03/06/2022;KERJA;Gaji;Uang Bensin;0;75000;BCA
653;03/06/2022;KERJA;Gaji;Uang Pulsa;0;200000;BCA
654;03/06/2022;JAJAN;Kafe;Pick Cup;31500;0;BCA
655;03/06/2022;JAJAN;Jajan & Rokok;Rokok;20500;0;CASH
656;04/06/2022;MAKAN;Makan Luar;Warteg;21000;0;CASH
657;04/06/2022;JAJAN;Jajan & Rokok;Indomaret;25000;0;CASH
658;05/06/2022;JAJAN;Kafe;Starbucks;20000;0;BLU
659;05/06/2022;TRANSPORT;Publik;Parkir;7000;0;CASH
660;06/06/2022;TRANSPORT;Pribadi;Pertamax;70000;0;CASH
661;06/06/2022;MAKAN;Makan Luar;Warteg;18000;0;CASH
662;06/06/2022;BELANJA;Kebutuhan;Makanan;62000;0;CASH
663;06/06/2022;TEMPAT TINGGAL;Maintenance;Listrik;50500;0;BLU
664;06/06/2022;KERJA;Reimburse;Pipa;30000;0;CASH
665;07/06/2022;KERJA;Reimburse;Reimburse;0;70000;CASH
666;07/06/2022;MAKAN;Makan Luar;Warteg;15000;0;CASH
667;07/06/2022;JAJAN;Jajan & Rokok;Warung;7000;0;CASH
668;07/06/2022;MAKAN;Makan Luar;Warteg;15000;0;CASH
669;07/06/2022;KERJA;Reimburse;Cat;270000;0;BCA
670;07/06/2022;KERJA;Reimburse;Reimburse;0;300000;CASH
671;07/06/2022;HIBURAN;Entertainment;Konser;340000;0;BCA
672;07/06/2022;LAIN - LAIN;Teman;Ola;335000;0;BCA
673;08/06/2022;MAKAN;Makan Luar;Warteg;18000;0;CASH
674;08/06/2022;MAKAN;Makan Luar;Warteg;17000;0;CASH
675;08/06/2022;KERJA;Reimburse;Mata Potong Keramik;97000;0;CASH
676;08/06/2022;JAJAN;Jajan & Rokok;Indomaret;65500;0;CASH
677;09/06/2022;MAKAN;Makan Luar;Warteg;18000;0;CASH
678;09/06/2022;MAKAN;Makan Luar;Warteg;18000;0;CASH
679;09/06/2022;KERJA;Reimburse;Amplas;10000;0;CASH
680;09/06/2022;MAKAN;Online;Gold Chick;30000;0;BLU
681;09/06/2022;TABUNGAN;Inves;Seabank;500000;0;BLU
682;10/06/2022;MAKAN;Makan Luar;Warteg;18000;0;CASH
683;10/06/2022;KERJA;Reimburse;Plamir;55000;0;CASH
684;10/06/2022;MAKAN;Makan Luar;Warteg;14000;0;CASH
685;10/06/2022;JAJAN;Jajan & Rokok;Rokok;35000;0;CASH
686;10/06/2022;JAJAN;Jajan & Rokok;Warung;4000;0;CASH
687;10/06/2022;KERJA;Gaji;Uang Makan;0;300000;CASH
688;10/06/2022;KERJA;Gaji;Uang Bensin;0;50000;CASH
689;10/06/2022;KERJA;Reimburse;Reimburse;0;162000;CASH
690;10/06/2022;TEMPAT TINGGAL;Maintenance;Laundry;21000;0;CASH
691;10/06/2022;HIBURAN;Entertainment;Nonton;100000;0;CASH
692;10/06/2022;LAIN - LAIN;Teman;Ola;75000;0;CASH
693;10/06/2022;LAIN - LAIN;Teman;Ola;0;50000;BCA
694;10/06/2022;TRANSPORT;Publik;Parkir;12000;0;CASH
695;11/06/2022;MAKAN;Online;Katanya Bento;25500;0;BCA
696;11/06/2022;TRANSPORT;Pribadi;Pertamax;50000;0;CASH
697;11/06/2022;TRANSPORT;Pribadi;Cuci Motor;20000;0;CASH
698;11/06/2022;JAJAN;Jajan & Rokok;Indomaret;7000;0;CASH
699;11/06/2022;TEMPAT TINGGAL;Maintenance;Galon;20000;0;CASH
700;12/06/2022;MAKAN;Makan Luar;Lamongan;20000;0;CASH
701;12/06/2022;MAKAN;Online;Gold Chick;30500;0;BCA
702;12/06/2022;BELANJA;Kebutuhan;Makanan;57000;0;CASH
703;12/06/2022;JAJAN;Jajan & Rokok;Starling;5000;0;CASH
704;13/06/2022;MAKAN;Makan Luar;Warteg;15000;0;CASH
705;13/06/2022;MAKAN;Makan Luar;Warteg;21000;0;CASH
706;13/06/2022;BELANJA;Kebutuhan;Lakban;16000;0;CASH
707;13/06/2022;TRANSPORT;Pribadi;Parkir;1000;0;CASH
708;14/06/2022;MAKAN;Makan Luar;Warteg;18000;0;CASH
709;14/06/2022;MAKAN;Makan Luar;Warteg;20000;0;CASH
710;15/06/2022;MAKAN;Makan Luar;Warteg;20000;0;CASH
711;15/06/2022;MAKAN;Makan Luar;Warmindo;16000;0;CASH
712;15/06/2022;JAJAN;Jajan & Rokok;Rokok;2000;0;CASH
713;15/06/2022;KERJA;Reimburse;Porstex;17500;0;CASH
714;15/06/2022;KERJA;Reimburse;Amplas;25000;0;CASH
715;15/06/2022;BELANJA;Kebutuhan;Makanan;147126;0;BCA
716;15/06/2022;KERJA;Gaji;Gaji;0;1750000;BCA
717;15/06/2022;KERJA;Gaji;Uang Makan;0;150000;BCA
718;15/06/2022;LAIN - LAIN;Teman;Ola;0;370000;BCA
719;15/06/2022;TRANSPORT;Pribadi;Parkir;1000;0;CASH
720;15/06/2022;MAKAN;Makan Luar;Warteg;20000;0;CASH
721;16/06/2022;JAJAN;Jajan & Rokok;Familymart;29500;0;CASH
722;16/06/2022;BELANJA;Kebutuhan;Makanan;17500;0;CASH
723;16/06/2022;TRANSPORT;Pribadi;Parkir;1000;0;CASH
724;17/06/2022;HIBURAN;Internet & Langganan;Internet;75600;0;BCA
725;17/06/2022;TRANSPORT;Pribadi;Parkir;7000;0;CASH
726;17/06/2022;TRANSPORT;Pribadi;Parkir;3000;0;FLAZZ
727;17/06/2022;JAJAN;Jajan & Rokok;Rokok;34000;0;CASH
728;18/06/2022;MAKAN;Online;Gold Chick;31500;0;BCA
729;18/06/2022;BELANJA;Kebutuhan;Sabun;70500;0;BCA
730;18/06/2022;LAIN - LAIN;Saldo;Tarik tunai;200000;0;BCA
731;18/06/2022;LAIN - LAIN;Saldo;Tarik tunai;0;200000;CASH
732;18/06/2022;TRANSPORT;Pribadi;Pertamax;50000;0;CASH
733;18/06/2022;TRANSPORT;Pribadi;Parkir;6000;0;CASH
734;19/06/2022;TABUNGAN;Bunga & Admin;Bunga;7500;0;BCA
735;21/06/2022;MAKAN;Makan Luar;Warteg;13000;0;CASH
736;21/06/2022;BELANJA;Kebutuhan;Makanan;43000;0;CASH
737;21/06/2022;TEMPAT TINGGAL;Maintenance;Laundry;28000;0;CASH
738;21/06/2022;TEMPAT TINGGAL;Maintenance;Galon;20000;0;CASH
739;21/06/2022;JAJAN;Jajan & Rokok;Rokok;33000;0;CASH
740;23/06/2022;LAIN - LAIN;Saldo;Tarik tunai;200000;0;BCA
741;23/06/2022;LAIN - LAIN;Saldo;Tarik tunai;0;200000;CASH
742;23/06/2022;BELANJA;Kebutuhan;Makanan;139500;0;CASH
743;23/06/2022;TRANSPORT;Pribadi;Parkir;2000;0;CASH
744;23/06/2022;TEMPAT TINGGAL;Maintenance;Listrik;52750;0;BCA
745;23/06/2022;JAJAN;Jajan & Rokok;Rokok;35000;0;CASH
746;23/06/2022;MAKAN;Online;Nasi Kuning Mbok Rum;29500;0;BCA
747;24/06/2022;HIBURAN;Self Care;Kursus;699000;0;BCA
748;25/06/2022;LAIN - LAIN;Saldo;Tarik tunai;0;100000;CASH
749;25/06/2022;LAIN - LAIN;Saldo;Tarik tunai;100000;0;BCA
750;25/06/2022;LAIN - LAIN;Teman;Ola;600000;0;BCA
751;25/06/2022;MAKAN;Makan Luar;Padang Kos;20000;0;CASH
752;26/06/2022;HIBURAN;Entertainment;Nonton;85000;0;BCA
753;26/06/2022;MAKAN;Makan Luar;Mangkokku;50000;0;BLU
754;26/06/2022;LAIN - LAIN;Teman;Ola;33500;0;BLU
755;26/06/2022;LAIN - LAIN;Teman;Ola;0;31000;BCA
756;26/06/2022;MAKAN;Makan Luar;Lamongan;17000;0;CASH
757;26/06/2022;BELANJA;Kebutuhan;Makanan;44000;0;CASH
758;27/06/2022;TRANSPORT;Publik;Kereta;236000;0;BCA
759;27/06/2022;BELANJA;Hobi;Emblem Motor;82000;0;BCA
760;27/06/2022;TABUNGAN;Inves;Seabank;0;511756;BLU
761;27/06/2022;TRANSPORT;Pribadi;Parkir;10000;0;FLAZZ
762;27/06/2022;LAIN - LAIN;Saldo;Pindah saldo;300000;0;BLU
763;27/06/2022;LAIN - LAIN;Saldo;Pindah saldo;0;300000;BCA
764;27/06/2022;TABUNGAN;Sangu;Mamah;0;2000000;BCA
765;27/06/2022;MAKAN;Makan Luar;Ayam Bakar Tulang Lunak;32000;0;BCA
766;28/06/2022;MAKAN;Makan Luar;Padang Kos;20000;0;CASH
767;28/06/2022;JAJAN;Jajan & Rokok;Rokok;36000;0;CASH
768;29/06/2022;TRANSPORT;Pribadi;Parkir;4000;0;FLAZZ
769;29/06/2022;MAKAN;Makan Luar;Bakmi Along;51000;0;BCA
770;29/06/2022;BELANJA;Kebutuhan;Makanan;24000;0;BCA
771;30/06/2022;TRANSPORT;Pribadi;Parkir;4000;0;CASH
772;30/06/2022;LAIN - LAIN;Saldo;Pindah saldo;300000;0;BCA
773;30/06/2022;LAIN - LAIN;Saldo;Pindah saldo;0;300000;CASH
774;30/06/2022;MAKAN;Makan Luar;Nasi Goreng;14000;0;CASH
775;30/06/2022;BELANJA;Kebutuhan;Makanan;70000;;BCA
776;30/06/2022;TEMPAT TINGGAL;Maintenance;Laundry;21000;0;CASH
777;01/07/2022;BELANJA;Hobi;Keyboard 3/3;639884;0;BCA
778;01/07/2022;MAKAN;Makan Luar;Warteg;12000;0;CASH
779;01/07/2022;TRANSPORT;Pribadi;Servis;177000;0;CASH
780;01/07/2022;JAJAN;Jajan & Rokok;Rokok;34000;0;CASH
781;01/07/2022;TEMPAT TINGGAL;Kos;Bayar Juli - Agustus;900000;0;BCA
782;02/07/2022;TRANSPORT;Publik;Gojek;35000;0;BLU
783;02/07/2022;TRANSPORT;Publik;Gojek;15000;0;BLU
784;02/07/2022;TABUNGAN;Bunga & Admin;Bunga;0;41,96;BCA
785;02/07/2022;TABUNGAN;Bunga & Admin;Bunga;0;5167,28;BLU
786;02/07/2022;TABUNGAN;Bunga & Admin;Bunga;10000;0;MANDIRI
787;06/07/2022;TRANSPORT;Publik;Gojek;15000;0;BLU
788;06/07/2022;JAJAN;Jajan & Rokok;Rokok;35000;0;CASH
